{
  "name":"ConfirmationLog",
  "guid":"9CDF6A24-9731-43C5-8ED2-BAD2C9B4482D",
  "category":"extension",
  "group":"phpManufaktur",
  "vendor":{
      "name":"phpManufaktur",
      "url":"https:\/\/phpmanufaktur.de",
      "mail":"team@phpmanufaktur.de",
      "address":{
          "street":"Stockholmer Straße 31",
          "zip":"13359",
          "city":"Berlin",
          "country":"Germany"
      },
      "phone":"+49 30 68813647"
  },
  "type":"framework",
  "path":"\/extension\/phpmanufaktur\/phpManufaktur\/ConfirmationLog",
  "namespace":"phpManufaktur\\Basic",
  "release":{
    "number":"0.21",
    "date":"2013-11-05",
    "status":"beta"
  },
  "description": {
    "en":{
      "title":"ConfirmationLog",
      "short":"User can confirm that they have viewed a page or read an article.",
      "long":"Use the Droplet or the kitCommand to enable users to confirm that they have viewed a page or read an article. The Admin-Tool let you view and and browse through the confirmations",
      "url":"https:\/\/kit2.phpmanufaktur.de"
    },
    "de":{
        "title":"ConfirmationLog",
        "short":"Anwender können bestätigen, dass sie eine Seite gesehen oder einen Artikel gelesen haben.",
        "long":"Verwenden Sie ein Droplet oder ein kitCommand um Anwender eine Lesebestätigung für bestimmte Artikel erteilen zu lassen. Mit Hilfe des Admin-Tools können Sie die Lesebestätigungen - auch von mehreren unterschiedlichen Installationen - kontrollieren und auswerten.",
        "url":"https:\/\/kit2.phpmanufaktur.de"
    }
  },
  "require":{
    "framework": {
      "release":"0.26"
    },
    "extension": {
        "phpmanufaktur":{
            "Basic":{
                "release":"0.52"
            }
        }
    }
  },
  "setup":{
    "install":"\/admin\/confirmationlog\/setup",
    "update":"\/admin\/confirmationlog\/update",
    "uninstall":"\/admin\/confirmationlog\/uninstall"
  },
  "license":"MIT License",
  "download": {
    "availability":"public",
    "agreement":"free",
    "github":{
      "organization":"phpManufaktur",
      "repository":"kfConfirmationLog"
    },
    "url":"https:\/\/github.com\/phpManufaktur\/kfConfirmationLog"
  }
}
