{
  "name":"Contact",
  "guid":"B531B756-0202-4317-A40F-E18CA27B5A7B",
  "category":"extension",
  "group":"phpManufaktur",
  "vendor":{
      "name":"phpManufaktur",
      "url":"https:\/\/phpmanufaktur.de",
      "mail":"team@phpmanufaktur.de",
      "address":{
          "street":"Stockholmer Straße 31",
          "zip":"13359",
          "city":"Berlin",
          "country":"Germany"
      },
      "phone":"+49 30 68813647"
  },
  "type":"application",
  "path":"\/extension\/phpmanufaktur\/phpManufaktur\/Contact",
  "namespace":"phpManufaktur\\Contact",
  "link":{
    "about":"\/contact\/about"
  },
  "release":{
    "number":"2.0.23",
    "date":"2013-11-04",
    "status":"beta"
  },
  "description":{
    "en":{
      "title":"Contact management for kitFramework",
      "short":"Contact management for kitFramework",
      "long":"Contact management database for general use in kitFramework",
      "url":"https:\/\/kit2.phpmanufaktur.de"
    }
  },
  "require":{
    "framework":{
      "release":"0.26"
    },
    "extension":{
        "phpmanufaktur":{
            "Basic":{
                "release":"0.49"
            }
        }
    }
  },
  "setup": {
      "install":"\/admin\/contact\/setup",
      "update":"\/admin\/contact\/update",
      "uninstall":"\/admin\/contact\/uninstall"
  },
  "license":"MIT License",
  "download":{
    "availability":"public",
    "agreement":"free",
    "github":{
      "organization":"phpManufaktur",
      "repository":"kfContact"
    },
    "url":"https:\/\/github.com\/phpManufaktur\/kfContact"
  }
}
