{
  "name":"MediaBrowser",
  "guid":"B571E768-07BA-40D6-9DF9-72EB5A4017A1",
  "category":"extension",
  "group":"phpManufaktur",
  "vendor":{
      "name":"phpManufaktur",
      "url":"https:\/\/phpmanufaktur.de",
      "mail":"team@phpmanufaktur.de",
      "address":{
          "street":"Stockholmer Straße 31",
          "zip":"13359",
          "city":"Berlin",
          "country":"Germany"
      },
      "phone":"+49 30 68813647"
  },
  "type":"application",
  "path":"\/extension\/phpmanufaktur\/phpManufaktur\/MediaBrowser",
  "namespace":"phpManufaktur\\MediaBrowser",
  "release":{
    "number":"0.21",
    "date":"2013-11-04",
    "status":"beta"
  },
  "description": {
    "en":{
      "title":"MediaBrowser for the kitFramework",
      "short":"MediaBrowser for the kitFramework",
      "long":"MediaBrowser for the kitFramework ",
      "url":"https:\/\/kit2.phpmanufaktur.de"
    }
  },
  "require":{
    "framework":{
      "release":"0.26"
    },
    "extension":{
        "phpManufaktur":{
            "Basic":{
                "release":"0.35"
            }
        }
    }
  },
  "license":"MIT License",
  "download": {
    "availability":"public",
    "agreement":"free",
    "github":{
      "organization":"phpManufaktur",
      "repository":"kfMediaBrowser"
    },
    "url":"https:\/\/github.com\/phpManufaktur\/kfMediaBrowser"
  }
}
