{
  "name":"Propangas24",
  "guid":"288C0F43-8B27-47CA-9DC9-EEF9B522719E",
  "category":"extension",
  "group":"phpManufaktur",
  "vendor":{
      "name":"phpManufaktur",
      "url":"https:\/\/phpmanufaktur.de",
      "mail":"team@phpmanufaktur.de",
      "address":{
          "street":"Stockholmer Straße 31",
          "zip":"13359",
          "city":"Berlin",
          "country":"Germany"
      },
      "phone":"+49 30 68813647"
  },
  "type":"application",
  "path":"\/extension\/phpmanufaktur\/phpManufaktur\/Propangas24",
  "namespace":"phpManufaktur\\Propangas24",
  "release":{
    "number":"0.16",
    "date":"2013-11-04",
    "status":"beta"
  },
  "description": {
    "en": {
      "title":"Order liquefied petroleum gas",
      "short":"Online calculator to order liquefied petroleum gas",
      "long":"Online calculator to order liquefied petroleum gas (propangas24.de)",
      "url":"https:\/\/kit2.phpmanufaktur.de"
    },
    "de":{
      "title":"Flüssiggas bestellen",
      "short":"Online Kalkulator um flüssiges Propangas zu bestellen.",
      "long":"Online Kalkulator um flüssiges Propangas zu bestellen (propangas24.de).",
      "url":"https:\/\/kit2.phpmanufaktur.de"
    }
  },
  "require":{
    "framework":{
      "release":"0.26"
    },
    "extension":{
        "phpManufaktur":{
            "Basic":{
                "release":"0.35"
            },
            "Contact":{
                "release":"2.0.13"
            }
        }
    }
  },
  "setup": {
      "install":"\/admin\/propangas24\/setup",
      "update":"\/admin\/propangas24\/update",
      "uninstall":"\/admin\/propangas24\/uninstall"
  },
  "license":"Commercial use",
  "download": {
    "availability":"commercial use only",
    "agreement":"Service and support agreement"
  }
}
