{
  "name":"CommandCollection",
  "guid":"9C4C9BDB-496E-463A-9107-4EB160A63B35",
  "category":"extension",
  "group":"phpManufaktur",
  "vendor":{
      "name":"phpManufaktur",
      "url":"https:\/\/phpmanufaktur.de",
      "mail":"team@phpmanufaktur.de",
      "address":{
          "street":"Stockholmer Straße 31",
          "zip":"13359",
          "city":"Berlin",
          "country":"Germany"
      },
      "phone":"+49 30 68813647"
  },
  "type":"library",
  "path":"\/extension\/phpmanufaktur\/phpManufaktur\/CommandCollection",
  "namespace":"phpManufaktur\\CommandCollection",
  "release":{
    "number":"0.25",
    "date":"2013-11-07",
    "status":"beta"
  },
  "description":{
    "en":{
      "title":"Collection of kitCommands for the kitFramework",
      "short":"A collection of usefull kitCommands for the kitFramework",
      "long":"A collection of usefull kitCommands for the kitFramework and for the parent Content Management System",
      "url":"https:\/\/kit2.phpmanufaktur.de"
    },
    "de":{
      "title":"Sammlung von kitCommands für das kitFramework",
      "short":"Eine Sammlung von kitCommands für das kitFramework",
      "long":"Eine Sammlung von kitCommands für das kitFramework sowie für die übergeordneten Content Management Systeme",
      "url":"https:\/\/kit2.phpmanufaktur.de"
    }
  },
  "require":{
    "framework":{
      "release":"0.26"
    },
    "extension": {
        "phpmanufaktur":{
            "Basic":{
                "release":"0.49"
            },
            "Contact":{
                "release":"2.0.16"
            },
            "CKEditor":{
                "release":"0.15"
            }
        }
    }
  },
  "setup": {
      "install":"\/admin\/collection\/setup",
      "update":"\/admin\/collection\/update",
      "uninstall":"\/admin\/collection\/uninstall"
  },
  "license":"MIT License",
  "download": {
    "availability":"public",
    "agreement":"free",
    "github":{
      "organization":"phpManufaktur",
      "repository":"kfCommandCollection"
    },
    "url":"https:\/\/github.com\/phpManufaktur\/kfCommandCollection"
  }
}
