{
  "name":"FacebookGallery",
  "guid":"1C8BC2EA-214F-406D-93D8-5162014A1985",
  "category":"extension",
  "group":"phpManufaktur",
  "vendor":{
      "name":"phpManufaktur",
      "url":"https:\/\/phpmanufaktur.de",
      "mail":"team@phpmanufaktur.de",
      "address":{
          "street":"Stockholmer Straße 31",
          "zip":"13359",
          "city":"Berlin",
          "country":"Germany"
      },
      "phone":"+49 30 68813647"
  },
  "type":"application",
  "path":"\/extension\/phpmanufaktur\/phpManufaktur\/FacebookGallery",
  "namespace":"phpManufaktur\\FacebookGallery",
  "release":{
    "number":"0.18",
    "date":"2013-11-04",
    "status":"pre-release"
  },
  "description":{
    "en":{
      "title":"FacebookGallery for the kitFramework",
      "short":"Show Facebook Galleries within the Content Management System",
      "long":"Very flexible Gallery, which enable to show any public Facebook foto album within a content page of the used CMS.",
      "url":"https:\/\/kit2.phpmanufaktur.de"
    }
  },
  "require":{
    "framework":{
      "release":"0.21"
    },
    "extension":{
        "phpManufaktur":{
            "Basic":{
                "release":"0.35"
            }
        }
    }
  },
  "setup": {
      "install":"\/admin\/helloworld\/setup",
      "update":"\/admin\/helloworld\/update",
      "uninstall":"\/admin\/helloworld\/uninstall"
  },
  "license":"MIT License",
  "download": {
    "availability":"public",
    "agreement":"free",
    "github":{
      "organization":"phpManufaktur",
      "repository":"kfFacebookGallery"
    },
    "url":"https:\/\/github.com\/phpManufaktur\/kfFacebookGallery"
  }
}
