{
  "name":"Basic",
  "guid":"B021A24B-F763-4E25-AB78-5EE15D98C897",
  "category":"extension",
  "group":"phpManufaktur",
  "vendor":{
      "name":"phpManufaktur",
      "url":"https:\/\/phpmanufaktur.de",
      "mail":"team@phpmanufaktur.de",
      "address":{
          "street":"Stockholmer Straße 31",
          "zip":"13359",
          "city":"Berlin",
          "country":"Germany"
      },
      "phone":"+49 30 68813647"
  },
  "type":"framework",
  "path":"\/extension\/phpmanufaktur\/phpManufaktur\/Basic",
  "namespace":"phpManufaktur\\Basic",
  "release":{
    "number":"0.57",
    "date":"2013-11-07",
    "status":"beta"
  },
  "description": {
    "en":{
      "title":"Basic functions and configuration of the kitFramework",
      "short":"Basic function and configuration for the kitFramework",
      "long":"Basic function and configuration for the kitFramework",
      "url":"https:\/\/kit2.phpmanufaktur.de"
    },
    "de":{
      "title":"Basis Funktionen und Einstellungen für das kitFramework",
      "short":"Essentielle Basis Funktionen und Einstellungen für das kitFramework - fester Bestandteil des Framework, muss installiert sein.",
      "long":"(lang) Essentielle Basis Funktionen und Einstellungen für das kitFramework - fester Bestandteil des Framework, muss installiert sein.",
      "url":"https:\/\/kit2.phpmanufaktur.de"
    }
  },
  "require":{
    "framework": {
      "release":"0.26"
    }
  },
  "setup":{
    "install":"\/admin\/basic\/setup",
    "update":"\/admin\/basic\/update",
    "uninstall":"\/admin\/basic\/uninstall"
  },
  "license":"MIT License",
  "download": {
    "availability":"public",
    "agreement":"free",
    "github":{
      "organization":"phpManufaktur",
      "repository":"kfBasic"
    },
    "url":"https:\/\/github.com\/phpManufaktur\/kfBasic"
  }
}
